{"loss": [1.733901276880381, 1.625870792233214, 1.5817569372605305, 1.5333115421995824, 1.5045983961650304, 1.4033611696593615, 1.3051917163693174, 1.2538938060098765, 1.1930284451465218, 1.1247094468194612, 1.0982041821187856, 1.0523184610872853, 1.0395304366033904, 1.002516942364829, 0.9785202972742976, 0.9462909503858916, 0.9176507215110623, 0.9185808215822492, 0.8592448088587546, 0.8628272280401114, 0.8063310640198844, 0.7831666956142503, 0.7832677400842005, 0.7567285919676021, 0.6849088814793801, 0.6931167597673378, 0.6166454121774557, 0.6033750930610968, 0.5851294830137369, 0.5662462133534101, 0.5440980603500288, 0.5694845251891077, 0.5171130281321856, 0.5137194097042084, 0.5021226989979647, 0.4920997437165708, 0.48277720869803914, 0.47973705372031855, 0.4695912380607761, 0.48673468949843424, 0.4492818628038679, 0.4449189767545583, 0.4539824286285712, 0.5248012840747833, 0.4802654762657321, 0.4419226378810649, 0.40754610604169417, 0.42828417493372545, 0.3908345522929211, 0.3907625942814107, 0.3935876239319237, 0.42137615473902956, 0.39458758307963, 0.4362790365608371, 0.37371073024613516, 0.3552283021260281, 0.3686420227191886, 0.39645062873558123, 0.3819300316426219, 0.36685651267061425, 0.4049366943690242, 0.32834032999009505, 0.30094233489766414, 0.315424277770276, 0.3086302815651407, 0.30854024357941684, 0.32180939219435867, 0.3061378762430074, 0.2996222516711877, 0.2978025817749452, 0.2787947384070377, 0.2918712034517405, 0.2942406453040181, 0.27982738340387536, 0.27144016538347515, 0.26487007767570264, 0.2703044478382383, 0.2592814546458575, 0.25966290977536416, 0.26111206047388974, 0.25488491584451833, 0.2632185871503791, 0.26122633565445336, 0.2563186564615795, 0.2527255975470251, 0.251141082267372, 0.24519935888903482, 0.250007123059156, 0.24351620826185966, 0.2525278357218723, 0.2457845572914396, 0.24801787338694747, 0.24483914551686267, 0.23121147770054487, 0.24037693957893216, 0.2299055371965681, 0.21983883910033167, 0.22719232312270574, 0.22511791422659036, 0.22435065358877182, 0.22400877639955405, 0.21893690526485443, 0.21695458250386374, 0.21556196285753834, 0.2122649884953791, 0.21363227829641226, 0.2148038843760685, 0.21132102213343795, 0.21106956351776512, 0.21166821037020003, 0.21320609048921235, 0.20762576132404562, 0.2147268628587528, 0.20878702949504463, 0.20999955857286648, 0.21138035247520526, 0.21123295307767634, 0.21181154281509165, 0.20666500256986034, 0.20779702021759383], "acc": [0.2494374799099968, 0.2854387656702025, 0.31436837029893927, 0.3201542912246866, 0.329154612664738, 0.3722275795564127, 0.41530054644808745, 0.44712311153969786, 0.4641594342655095, 0.51173256187721, 0.5159112825458052, 0.5448408871745419, 0.5486981677917069, 0.5570556091288975, 0.5740919318547091, 0.5827708132433301, 0.5917711346833815, 0.600771456123433, 0.6113789778206364, 0.6190935390549662, 0.6390228222436516, 0.6505946640951462, 0.6573449051751848, 0.6679524268723883, 0.698489231758277, 0.6907746705239473, 0.7360977177756348, 0.7315975570556091, 0.7447765991642559, 0.7566698810671809, 0.7624558019929283, 0.7489553198328511, 0.7708132433301189, 0.781099324975892, 0.7730633236901318, 0.7955641272902604, 0.7942783670845387, 0.7958855673416908, 0.791385406621665, 0.791385406621665, 0.8081002892960463, 0.8045644487303117, 0.7997428479588556, 0.7746705239472839, 0.7878495660559306, 0.8058502089360334, 0.8235294117647058, 0.8106718097074895, 0.8325297332047573, 0.8325297332047573, 0.8264223722275795, 0.8180649308903889, 0.8280295724847316, 0.8019929283188685, 0.8386370941819351, 0.8514946962391514, 0.8386370941819351, 0.8228865316618451, 0.837029893924783, 0.8421729347476695, 0.8219222115075538, 0.8608164577306332, 0.8762455801992929, 0.8678881388621023, 0.8691738990678238, 0.8762455801992929, 0.8633879781420765, 0.8723882995821279, 0.881067180970749, 0.8768884603021536, 0.8852459016393442, 0.8807457409193186, 0.8768884603021536, 0.8813886210221794, 0.8846030215364834, 0.8897460623593699, 0.8884603021536484, 0.8919961427193829, 0.8897460623593699, 0.8977820636451301, 0.8916747026679525, 0.8881388621022179, 0.8948891031822566, 0.8958534233365477, 0.8955319832851173, 0.892960462873674, 0.8997107039537127, 0.8964963034394086, 0.9006750241080038, 0.8897460623593699, 0.898424943747991, 0.8990678238508518, 0.9000321440051431, 0.9061395049823208, 0.9000321440051431, 0.9064609450337512, 0.9151398264223722, 0.9080681452909033, 0.9116039858566377, 0.9151398264223722, 0.9083895853423336, 0.9151398264223722, 0.9157827065252331, 0.9122468659594986, 0.9189971070395371, 0.9164255866280938, 0.9186756669881068, 0.9157827065252331, 0.914175506268081, 0.9183542269366763, 0.9148183863709418, 0.9199614271938283, 0.9109611057537769, 0.9180327868852459, 0.9206043072966892, 0.9170684667309547, 0.9151398264223722, 0.9193185470909675, 0.9196399871423979, 0.9209257473481196], "val_loss": [1.6349778856549944, 1.6634450469698225, 1.6274983372007097, 1.5126316377094813, 1.469813619341169, 1.4131389175142561, 1.277845025062561, 1.2751372030803136, 1.2280109865324838, 1.194336371762412, 1.0867698703493391, 1.1062917879649572, 1.097101160458156, 1.0055549911090307, 1.0192135998180933, 0.9292263388633728, 0.9326349581990924, 0.9987894466945103, 0.8950950162751334, 0.9860451732363019, 0.8409507359777179, 0.8025371347154889, 0.8231279935155597, 0.8581019554819379, 0.762519896030426, 0.6759927315371377, 0.6285144218376705, 0.5748615520341056, 0.6113348220075879, 0.47905093857220243, 0.6248051566737038, 0.5029397862298148, 0.47104017649378094, 0.496005186012813, 0.4572122778211321, 0.4842949424471174, 0.44860368967056274, 0.4972508592264993, 0.505634776183537, 0.4711680369717734, 0.4225711354187557, 0.54938691002982, 0.3911151715687343, 0.8621952874319894, 0.4551184517996652, 0.40198338670389994, 0.45883733885628836, 0.37197040021419525, 0.4041755029133388, 0.39637711218425203, 0.4434677149568285, 0.41134582672800335, 0.5928029375416892, 0.36395878876958576, 0.35050349150385174, 0.3856305480003357, 0.5471089354583195, 0.38580683725220816, 0.4805158334118979, 0.4691431522369385, 0.5038249918392727, 0.3651684182030814, 0.36315528196947916, 0.3397705214364188, 0.3324304733957563, 0.3586257781301226, 0.3793569334915706, 0.32109175409589497, 0.3708631268569401, 0.3361406752041408, 0.3265315464564732, 0.3412823421614511, 0.4189683837550027, 0.3527565598487854, 0.3291602794613157, 0.3225682484252112, 0.3856877578156335, 0.3245719330651419, 0.3102393171616963, 0.33072832013879505, 0.32775084035737173, 0.35296522293772015, 0.3055557757616043, 0.32260239337171825, 0.4077981007950647, 0.3092385913644518, 0.32627693883010317, 0.327332649912153, 0.2972164111477988, 0.34502470067569185, 0.3264364217008863, 0.3245209391627993, 0.3294766353709357, 0.3329310417175293, 0.39909648256642477, 0.33938199068818775, 0.300186568072864, 0.35051174461841583, 0.3191007503441402, 0.31617928402764456, 0.3281077210392271, 0.3400528239352362, 0.31990924051829744, 0.3133457899093628, 0.35009545939309256, 0.32815928544316975, 0.3233898792948042, 0.3214836801801409, 0.31241453332560404, 0.322083409343447, 0.32009426397936686, 0.3234312640769141, 0.3133432311671121, 0.3132621113743101, 0.3132616643394743, 0.32607609246458324, 0.3200185000896454, 0.3095918148756027, 0.3299814334937504, 0.3118731209209987],